#,Материал,Дата включения (указывается с 01.01.2017)
956,Размещенная Байкаловым Никитой Игоревичем в сети Интернет на странице «Сергей Правый» сайта www.vkontakte.ru фотография с надписями черного цвета на белом фоне «П…уй (ненормативная лексика) домой» «Для гостей столицы п…ы (ненормативная лексика) от ментов 0 рублей п…ды (ненормативная лексика) от скинов 0 рублей» «Билет до чуркистана В ПОДАРОК*» «*в багажном отделении» «by Sturmovik» с изображением ботинком черно-желтого цвета и палкой серо-желтого цвета (решение Югорского районного суда Ханты-Мансийского автономного округа – Югры от 22.06.2011).,
2030,"Аудиовизуальные материалы – видеоролики, размещенные Семеновым С.С. в сети «Интернет», содержащиеся в электронных файлах: «!_4TO_SPASLO_AFU.wmv»; «!_88 RAC.wmv»; «7.11.5.митинг.wmv»; «7pgb1h44vg08.WMV»; «1234.avi»; «A.C.A.B.wmv»; «AFA_S_BORODENKOI.wmv»; «agitaziya.wmv»; 2BEZ_SLOV_NA4ALO.wmv»; «BEZ_SLOV_OKON4ANIE.wmv»; «BOICOVSKII_KLUB_2.wmv»; «Brannik_Football_Violence.wmv»; «Brannik_White_Power.wmv»; «clean_zlo.wmv»; «Execution_of_traitor.WMV»; «F18 А ты - пацан.wmv»; «F18 Белая Русь.wmv»; «F18 Гибель Новгородского соратника.wmv»; «F18 Жертва шавок.wmv»; «F18 Зачистка.wmv»; «f18 Ку-Клукс клан(1024х768).wmv»; «F18 Он плохо кончил.wmv»; «f18 Операция Белый вагон.wmv»; «F18 О - е Красно - оранжевых геев.wmv»; «f18 Правый кулак Санкт-Петербурга.wmv»; «F18 Сбор модераторов.wmv»; «f18 Тренировки НСО.wmv»; «Format18[Uragan]---tenderneSS.wmv»; «Format18[Uragan]---trenning.wmv»; «F - k the red.WMV»; «H.D.S. 6 - Метро.WMV»; «Honor ""Full Of Hate"".wmv»; «Honor-Shanhedryn.WMV»; «Ich Will 2 Hooligans Edition.WMV»; «Initiation_88.wmv»; «INTERNAСIONALBOL6EVISTSKAA_PARTIA.wmv»; «Intervju u antifashista.wmv»; «INTERVU_S_DEPUTATOM.wmv»; «ivan.wmv»; «LEGENDA_OB_OB46.avi»; «milo.wmv»; «MTC.wmv»; «mv9ybh0brzks.wmv»; «NELEGALNAA_DVORNI4IHA.wmv»; «NOVGORODSKIE_AKCII.wmv»; «nswpvideo1.wmv»; «nswpvideo2.wmv»; «nswpvideo3.wmv»; «nswpvideo6.wmv»; «Polu4il_Po_Zaslugam.wmv»; «POSVA6ENIE_V_SKINHEDY.wmv»; «PRAMOE_DEISTVIE.wmv»; «PRAVYI_MAR6.wmv»; «RAZGON_MODNIKOV.wmv»; «rolik-ochistimmoskvu.wmv»; «rolik-ochistimmoskvu.avi»; «Romper_Stomper+RUS88.wmv»; «Rus_School_for_RUS_88.wmv»; «Russian_Fight_Club88.wmv»; «SEM_SOROK.wmv»; «Shit_Skinhead.WMV»; «spanish patriots 88.wmv»; «TUSOVKA_ANTIFA6ISTOV.wmv»; «Untitled_0002.wmv»; «VIVAT_ROSSIA.wmv»; «WhiteCross.wmv»; «Хорсс - Взаперти.wmv»; «Хорсс - Россия для Русских.wmv»; «ZAPOMNI_MENA.wmv»; «ZOGTV_VREME4KO.wmv»; «Абычный антифошизм.WMV»; «Акция в электричке. WMV»; «Виноградный День - Универсам Народный! смертельный бой за подешевле.avi»; «ВолкОлак - Слава Яриле (концерт).wmv»; «Времечко.wmv»; «вцепили хача.avi»; «вцеплии торговца хача.avi»; «Вышел гук из перехода….wmv»; «Гестапо. wmv»; «ДачнаисториХ.wmv»; «День рождениГитлера.WMV»; «Дети Африки.WMV»; «Еврейские могилы.WMV»; «зарница.wmv»; «Защити себя.WMV»; «Золотая Молодёжь Кавказа 3 серия-Ломаем скина.avi»; «Избиение мигрантов2.wmv»; «Избиение мигрантов3.wmv»; «Избиение мигрантов4.wmv»; «Избиение мигрантов5.wmv»; «Избиение мигрантов.wmv»; «Избиение хачика.wmv»; «Интервью с московскими Скинами.wmv»; «Кавказцев даже оружие не останавливает))) вот скины трусы).avi»; «Качай железо, Бритоголовый.WMV»; «Китайские скины жесть.avi»; «Клва Мести.WMV»; «Клип ""Война"".wmv»; «Копия Romper_Stomper+RUS88.wmv»; «Сельские махачи.avi»; «скинхеды!коментим видео!это ужас!п - ццц!что они сделали с чуваком!.avi»; «скины.…avi»; «хачи-людоеды.avi»; «Чурки 2.avi»; «ЧУрки лолки.avi»; «чурки.avi»; «Штурмфюрер.mp4» (приговор Петропавловск-Камчатского городского суда Камчатского края от 23.12.2010 и постановление президиума Камчатского краевого суда от 06.07.2016);",
2059,"Три листовки с рукописным текстом: листовку с заголовком «Объявление», завершающуюся текстом «…под чужими окнами»; листовку с заголовком «Объявление», завершающуюся текстом «…чтоб вас всех добили хотя бы турки»; листовку с заголовком «Армянские чурки!», завершающуюся текстом «…а здесь только алкаши вас поддерживают», которые размещены 22 сентября 2012 года на электрическом столбе и здании магазина, расположенных по улице Калинина, с. Коноково Успенского района Краснодарского края (решение Успенского районного суда Краснодарского края от 02.07.2013);",
2110,"Информационный материал – видеоролик «… (нецензурное слово» чурки кто посмотрит пишити комент обизательно лучше с матом», размещенный в сети «Интернет» на сайте по адресу: http://crazynet.ru/video/watch_video.php?v=RH3SR8MXXDSM (решение Петропавловск - Камчатского городского суда Камчатского края от 30.07.2013);",
2142,"Видеоролик «Привет, чурки» (решение Ленинского районного суда г. Иваново от 23.08.2013);",
2226,"Фотографии: «Родина - Мать Вновь зовет На битву встать! Вступай в ряды борцов с иноземными оккупантами! Россия для русских!»; «ЗА БУДУЩЕЕ БЕЛЫХ ДЕТЕЙ! Против ублюдочного смешения»; «КТО-ТО БОЛЕН толерантностью Я ЗДОРОВ национализмом!»; «МОЖЕТЕ НАЗЫВАТЬ НАС ФАШИСТАМИ, ИДИОТЫ»; «ВЫГНАЛИ НЕМЕЦКИХ АККУПАНТОВ выгоним и еврейских!»; аудиозапись «ДЮШЕС я рисую белым мелом 14/88»; видеозаписи: «Ох… чурки»; «Формат 18 Казнь таджикского наркоторговца»; «Банды Москвы - Виват; 1488-й после этого вы говорите о толерантности»; «Тесак»; «Большая мышеловка (Формат 18)»; (видеозапись №8); «Формат 18 (видеозапись № 9)»; «Всем смотреть»; «Опущенный чеченец»; «Формат 18» (видеозапись № 12) (решение Курганского городского суда от 07.10.2013);",
2276,"Видеофайлы: «Слава Русскому народу» продолжительностью 3 минуты 31 секунда; «Русские волки Казнят Наркоторговцев» продолжительностью 1 минута 39 секунд; «Детский лепет чурки – БОЛЬШЕ НЕ БУДУ БРАТВА…» продолжительностью 0 минут 53 секунды; «Проклятые чурки они должны ответить за все!!!» продолжительностью 1 минута 44 секунды, размещенные в телекоммуникационной сети «Интернет» в социальной сети «ВКонтакте» на странице Таулика Терентьева по адресу http://vk.com/id159847834 (решение Элистинского городского суда Республики Калмыкия от 17.01.2014);",
2333,"Материалы: «Убей чурку это весело», «Кто за русский марш?!», фотографию с надписью «Поджигайте бензином ночью строительные вагончики, где живут чурки. Делайте коктейли Молотова», размещенные в открытой группе «Томск против чурок» по адресу: http://vk/com/|club60787159 интернет сайт www.vk.com (решение Томского районного суда Томской области от 24.03.2014);",
2346,"Видео файл под названием «чурки-на.уй)))», содержащий письменные и устные тексты, размером 2,93 МБ (3 074 379 байт), длиной записи 01 минута 28 секунд; видео файл под названием «За их жизни борется Антифа и зря, убивать таких гаденышей да и все, черно-мазые скаты г……е», содержащий письменные и устные тексты, размером 8,04 МБ (8 439 745 байт), длиной записи 03 минуты 01 секунда; видео файл под названием «Расист», содержащий устный текст, размером 5,59 МБ (5 869 660 байт), длиной записи 02 минуты 00 секунд; видео файл под названием «Скинхеды бьют не русских», содержащий письменные и устные тексты, размером 10,6 МБ (11 212 196 байт), длиной 04 минуты 06 секунд (решение Заднепровского районного суда г. Смоленска от 28.04.2014);",
2555,"Следующие текстовые и графические материалы: 1. «Надо ли выгонять нерусских из России?»; 2. «…каждый народ должен жить в своей стране»; 3. «Нерусские захватывают школы»; 4. «Посмотрите мы сидим тут и пишем а пора действовать чистая белая раса умирает умеряет её убивают. Бросайте курить Пить берите оружие идите как наши предки шли за Белый и красивый народ против тех кто издовно убивал калечил насиловал наших женщин и детей!»; 5. «Народ все кто против мирового еврейского господства вступайте сюда»; 6. «Здесь я предлагаю обсудить, надо ли гнать всяких грузинов, узбеков и киргизов с нашей родной земли. Я считаю, что необходимо, так как 70% преступлений в России совершаются приезжими. В эту статистику входят и убийства, и грабежи, и изнасилования. Почему мы должны все это терпеть? Ведь русские не едут в Азербайджан грабить и насиловать. Нужно оградить наш народ от пагубного потока из нерусских, хлынувшего из других стран в Россию!»; 7. «Не 70%, а 100% преступлений совершается против Русских проклятыми приезжими. Русский Русского не обидить – Русский народъ мирный. Во всем виноваты чурки, спонсируемые жидами. Это же элементарно!»; 8. «…не нада а НУЖНО убивать оккупантов с азии, америки, Израиля и прочего (…)!»; 9. «Я считаю, что необходимо: 1. Собрать всех иммигрантов (я имею в виду хачей, чеченов и всяких других китайцев) в одном месте. И не надо говорить, что это технически невозможно. Нацисты смогли всех евреев собрать – смогли. А чем мы хуже? 2. Создать спеицальные трудовые лагеря, гдн они будут (…), отрабатывая затраты Русского государства на их депортацию. 3. А потом гнать их на (…). Кто не уехал – РАССТРЕЛИВАТЬ на месте. Без капли сомнений! Без ложной жалости! Слава Руси!»; 10. «Это ужасно! Когда приезжает орава таджиковъ, врывается в Русскую Православную гимназию, насилует школьниц, вскрывает горло ученикамъ, сжигает распятия, казнит священника, сжигает православную литературу, (…) и (…) прямо на пол, варят завуча в столовой чтоб приготовить свой проклятущий бишбармак… не (…) больше сил… больно за Россию-Матушку! Такъ и хочется убивать жыдочурокъ!»; 11. «(…), приперлись в Россию, еще че то (…), своей страны нет что ли, гнать их надо!!!!!!!!!!»; 12. Графическое изображение паспорта гражданина Казахстана с текстовой надписью <<(…)поймиктотытакой»; 13. Текстовый материал в виде обсуждения «…зато она не взрывается в метро»; 14. Изображение стреляющих ракетных установок в сопровождении подписи «Русская свадьба в Махачкале должна выглядеть как -то так»; 15. Графическое изображение с текстовой надписью «Неудачно прийти на митинг: 15 суток лишения свободы. Оскорбить верующих: 2 года тюрьмы. Гонять по Москве, обстреливать соседние автомобили и машины ДПС: штраф. ЭТО РОССИЯ, ДЕТКА»; 16. Графическое изображение, разделенное на два сюжета с надписями «Мусульмане в фильме», «Мусульмане после фильма» с комментарием «нормально так»; 17. Фотоизображение молодых людей с надписью – «Все дети как дети, а чурка как всегда пальцы гнет» (решение Октябрьского районного суда г. Новосибирска от 30.07.2014);",
2600,"Информационный материал – комментарий «Кавказ является русской землей, чурки семитские являются пришлыми оккупантами», размещенный в сети Интернет на ресурсе (сайте), расположенном по электронному адресу: http://www.youtube.com/watch?v=Y9IeuauelBk под ником «Freddy Fred» (решение Прохладненского районного суда Кабардино-Балкарской Республики от 07.08.2014);",
2620,"Текст аудиозаписи «СУКА ЧУРКИ Е*АНЫе…. – Убей Хача, Порадуй МАМУ» длительностью 3 мин. 30 сек., размещенной на момент предъявления заявления в суд в сети Интернет на сайте «ВКонтакте» по электронному адресу: http://vk.com/search?c[q]=убей хача порадуй маму&с[section]=audio (решение Октябрьского районного суда города Санкт-Петербурга от 19.11.2014).",
2718,"Аудио и видеофайлы: - аудио-файл «Ахинея [Алкоголизм 04] - Чурки», продолжительностью 4 минуты 3 секунды, начинающийся со слов: «Эй, ты что такое говоришь?...» и заканчивающийся словами: «...уж надоели всем нам.»; - аудио-файл «В.Синицкий - Замочи америкоса!», продолжительностью 3 минуты 58 секунд, начинающийся со слов: «Убей! Убей!...» и заканчивающийся словами: «...Убей! Убей!»; - аудио-файл «Валерий Шунт - Нигеры на снегу», продолжительностью 3 минуты 19 секунд, начинающийся словами: «Ниггеры на снегу,...» и заканчивающийся словами: «.. .Ниггеры на снегу.»; - аудио-файл «Д.И.В. - ДИВ - Давай на рынок», продолжительностью 2 минуты 48 секунд, начинающийся словами: «Череп бритый, кастет и бита....» и заканчивающийся словами: «...мочить чертей!»; - аудио-файл «Киборг - Я ненавижу хачей», продолжительностью 3 минуты 09 секунд, начинающийся словами: «Я ненавижу...» и заканчивающийся словами: «...пока живы, домой.»; - видео-файл «Бабуля и скинхед», продолжительностью 1 минута 09 секунд; - видео-файл «формат 18», продолжительностью 3 минуты; - видео-файл «Хачик сидит торгует и вдруг выходят скинхеды», продолжительностью 59 секунд, размещенные в информационно-телекоммуникационной сети «Интернет» на странице социальной сети «ВКонтакте» по адресу: http://vk.com/id120081212 (решение Кемеровского районного суда Кемеровской области от 05.08.2014 и определение Кемеровского районного суда Кемеровской области от 03.02.2015);",
2732,"Размещенные на Интернет-сайтах http://vk.com/right_kurgan, http://vk.com/skmonolil45 материалы: текст «Обращение «Правого сектора» к народам России» (объем текста 37 слов); текст «Обращение лидера «Правого сектора» Дмитрия Яроша к Доку Умарову» (объем текста 54 слова); фотография с пояснительной надписью «100 украинских жизней за власть этих жидов, не так уж и много»; фотоизображение с надписью «Там, где жиды, всегда жди беды» (объем надписи 6 слов); текстовое сообщение «Всем жидам, независимо от пола, возраста и благосостояния, покинуть пределы Российской Империи» (объем текста 12 слов); текстовое сообщение «хозяева чурки! всех моральных уродов жечь заживо!» (объем текста 7 слов); текстовое сообщение «Николай, расстрелять надо! Евреев -половину на кол, а другую половину в Израиль» (объем текста 12 слов); видеозапись «Сжечь их» с высказыванием следующего содержания: «Сжечь! Сжечь! Сжечь их нах..й, чтоб они не существовали, у нас здесь не жили, а уезжали к себе. Там что хотели, то и делали» (объем высказывания 25 слов) (решение Курганского городского суда от 11.12.2014);",
2747,"Информационные материалы: описания главной страницы сообщества социальной сети «Вконтакте» под названием «Чурки г…» и 2 комментария под никами «Саид Хануков» и «Хагани Гадирли», размещенных по электронному адресу vk.com\club6528721 (решение Нальчикского городского суда Кабардино-Балкарской Республики от 03.02.2015);",
2810,"Аудиозапись под названием «Андеграунд кома – Чурки п…сы», опубликованная в социальной сети «Интернет» на общедоступной странице «http://vk.com/restructod» (решение Бузулукского районного суда Оренбургской области от 03.03.2015);",
2817,"Текст аудиозаписи «СУКА ЧУРКИ Е*АНЫе…. – Убей Хача, Порадуй МАМУ» длительностью 3 мин. 30 сек., размещенной на момент предъявления заявления в суд в сети Интернет на сайте «ВКонтакте» по электронному адресу: http://vk.com/search?c[q]=убей хача порадуй маму&c[section]=audio (решение Октябрьского районного суда города Санкт-Петербурга от 19.11.2014);",
2889,"Графические файлы, размещенные на сайте «https://vk.com./blaginanton» на сайте группы «Читатели Антона Благина -Благая весть!», а именно: - «ПОЗДРАВЛЯЕМ С ХОЛОКОСТОМ!», - «6 МИЛЛИОНОВ ПАРХАТЫХ а тебе слабо?», - «Ну не виноват я, что в среднем еврее 70 кг говна … ой простите, угля, а воняет.. .ой простите, горит, как тонна», - «ПРИ НЕМ жиды и чурки сидели в печах, а не в правительстве», - «ХОЛОКОСТ не откладывай на завтра то, что можешь сделать сегодня», - «Жидовская наглость продолжает удивлять даже бывалых антисемитов: это фото немцев, сгоревших в Дрездене, фигурирует в музее холокоста», - «ПЕРВЫЙ ТОСТ ЗА ХОЛОКОСТ!», - «ХОЛОКОСТ-ВСЕМИРНАЯ ТРАГЕДИЯ?», - «ОНИ ПРОСТО ВЫПОЛНЯЛИ РАБОТУ по зачистке земли от глистов», - «Существует три вида лжи: ложь, наглая ложь и холокост», - «Лживый «холокост» это главное оружие жидов» (решение Октябрьского районного суда г. Мурманска от 13.04.2015);",
2935,"Информационные видеоматериалы (видеоролики): - «Прикрываясь любовью к родине, они убивают детей..., а вы все еще против насилия над чурками?» (продолжительность 3 минуты 02 секунды); - «Манежка русские патриоты» (продолжительность 3 минуты 48 секунд); - «От....или чурок» (продолжительность 4 минуты 06 секунд); - «Е..шт хачика» (продолжительность 1 минута 04 секунды); - «Хачики издеваются над русскими девушками ((( СМЕРТЬ ХАЧАМ!» (продолжительность 1 минута 42 секунды); - «Чурки и их беспредел и наше молчание может хватит уже молчать и пора что-то делать» (продолжительность 10 минут 38 секунд) (решение Ноябрьского городского суда Ямало-Ненецкого автономного округа от 06.04.2015);",
2970,"Виртуальное сообщество с наименованием «Чурки-Гов…о» и информацию, аккумулируемую в нем, размещенную в сети Интернет на сайте по электронному адресу: http://vk.com/club33724329 (решение Смольнинского районного суда города Санкт-Петербурга от 10.02.2015);",
2974,"Плакат с надписями, представляющий собой комбинированный текст: «Запомни! При конфликте с бешеными собаками (изображена собака с оскалившейся пастью) и чурками (изображен мужчина неславянской внешности с пистолетом в руке) СНАЧАЛА  «АРГУМЕНТЫ» пистолет, нож, кастет, газовый баллончик (перечисленные предметы изображены на плакате), ВСЕ ОСТАЛЬНОЕ ПОСЛЕ ИЛИ ТЫ ДУМАЕШЬ что на животных действуют слова?»; фото с изображением сцены разделывания лицами неславянской внешности овечьих туш посреди улицы и надписью «ХАЧИ  ЭТО РАССА ОТБРОСОВ отсталых недоносков и сволочей, смерть чуркам и их е...му аллаху»; плакат с надписями, представляющий собой изображение на фоне надписи РЫНОК бритоголового мужчины в черной короткой куртке, светлых брюках  джинсах, пинающего ногой обутой в черный ботинок на шнуровке с высоким носком уродливое существо, из когтистой лапы которого выпадает нож и текстом ЧУРКИ КАК ЖИВОТНЫЕ ничего не понимают, кроме п..лей; рифмованный текст из 29 строк начинающийся словами «В годы братской войны вы на бой поднимались ...» и заканчивающиеся словами «Праведного возмездия близится час!»; текст с названием «Концепция русского Национал-Социализма» начинающийся словами «Наиболее обещающим движением русской жизни является теперь национальное» и заканчивается словами «Наиболее обещающим движением русской жизни является теперь национальное» и заканчивающийся словами «существование нашим народам и будущее Белым детям, как завещал нам Дэвид Лейн» находящиеся в информационно-телекоммуникационной сети Интернет «ВКонтакте» (решение Центрального районного суда г. Читы от 15.05.2015);",
3215,"Текстовое сообщение, начинающееся с текста «Не уважаемые ЧУРКИ!!!!» и заканчивающееся текстом «на РУССКОЙ ЗЕМЛЕ!!!», размещенное на электронной странице в сети Интернет по адресу http://vk.com//club44869454, http://vk.com\id46490098 (решение Московского районного суда г. Калининграда от 26.10.2015);",
3305,"Информационные материалы: 1. Изображение девушки, на руке которой повязка со свастикой. Девушка находится на фоне печи. На рисунке имеется надпись: «Что евреи, что хачи хорошо горят в печи»; 2. Фотография объявления с текстом «Не уважаемые ЧУРКИ!!! Во избежание получения пи...дюлей просьба, не устраивать национальные пляски в этом районе. Ибо не ..уй! Танцевать «лезгинку» на РУССКОЙ ЗЕМЛЕ!!!»; 3. Изображение в виде страницы из книги с текстом и рисунком Адольфа Гитлера, сидящего за столом с детьми; 4. Изображение (демотиватор) 4 глав СССР и России с измененными фамилиями, с надписью снизу «Там, где жиды, всегда жди беды! Русская мудрость»; 5. Изображение, разделенное на 4 части, в каждой части имеется отдельная фотография человека, похожего на Адольфа Гитлера перед строем. На изображении имеется надпись «А вот интересно, почему на Руси не было евреев? И почему? Потому что в каждом доме была печь»; 6. Изображение (демотиватор) группы молодых людей с признаками скинхедов и подписью: «Не плачь отец твой сын Скинхед. Пусть плачет тот, чей сын Ахмед»; 7. Изображение (демотиватор) двоих десантников, держащих арбузы и надписью: «Зачем покупать арбузы у чурок? Бери бесплатно!»: 8. Изображение четырех обезьянок с ложками на фоне изображения гор и надписью: «Хватит кормить Кавказ!»; 9. Изображение вывески с текстом: «Мангалы Уголь Жид.для розжига»; 10. Изображение, разделенное на 4 части, в каждой части имеется отдельная фотография В.В. Жириновского. На изображении имеется надпись: там чурку отпи...дили; тут хачу дали понять, где он находится; этого вообще в вагоне застрелили; а чего вы ждали??? Неделя дружбы народов закончилась»; 11. Изображение (демотиватор) с двойной надписью: «Чечне нужен мир! Желательно весь; Чечне нужен х..й желательно в рот»; 12. Изображение человека, похожего на Гитлера в виде святого с нимбом в стиле иконы; 13. Изображение в стиле советского плаката, нарисована женщина, работающая на стройке, славянской внешности, с надписью «это Россия, не кишлак вали на родину, ишак!»; 14. Изображение человека, стреляющего из снайперской винтовки, с рисунком фашистской свастики, дополненный изображениями гранаты, пистолетов, кастета, патронов с надписью: «защити свою отчизну! Встреть достойно иммигранта»; 15. Изображение скинхеда, бьющего ногой в подбородок человека, имеющего признаки выходцы с Кавказа, из руки которого падает нож. На заднем плане надпись «рынок» (решение Первомайского районного суда г. Ижевска от 19.10.2015);",
3372,"Видеоролик «Чурки прочь из россии», размещенный на интернет-странице http://www.youtube.com/watch?v=dA1NUVfj8Ro (решение Заводского районного суда г. Орла от 08.02.2016);",
3415,"Изображения с надписями «Знай свое место хач еб***й», «Чурки должны гореть в печурке», размещенная в сети Интернет (решение Октябрьского районного суда г. Мурманска от 14.01.2016);",
3425,"Текстово-графическое изображение, размещенное в информационно-телекоммуникационной сети Интернет на социальном сайте «ВКонтакте» в открытой группе «Россия для Русских. Долой инородную мразь», на котором отображены лица кавказской национальности с надписью ниже «ЧУРКИ! Я вашего аллаха на х.. вертел и всю вашу религию» (решение Советского районного суда г. Тулы от 28.01.2016);",
3472,"Материал, расположенный в сети Интернет на сайте «ВКонтакте» на странице под названием «Марк Пельц», с электронным адресом: «http://vk.com/id252604712», а именно графическое изображение мужчины, режущего ножом деревянное полено с надписью «ТОЛЬКО ТАК можно сделать из чурки человека» (решение Рудничного районного суда г. Кемерово от 17.02.2016);",
3658,"Изображение, на котором изображен ряд мужчин (в зеленой камуфлированной форме, черных масках с прорезями для глаз, с красными повязками на рукавах (с символикой ННП – Народной Национальной Партии), руки которых подняты в нацистском приветствии), сопровождающейся текстом белого цвета на черном фоне: «Чурки ... уничтожим!» (решение Ингодинского районного суда г. Читы от 23.03.2016);",
3675,Фотография девочки с сердитым выражением лица и текстом следующего содержания: «Чурки ... понаехали» (решение Ингодинского районного суда г. Читы от 23.03.2016);,
3697,Аудиофайл Сибирский синдикат – чурки» на сайтах: http://muzofon.com/search/%D0%A1%D0%B8%D0%B1%D0%B8%D1%80%D1%81%D0%BA%D0%B8%D0%B9%20%D0%A1%D0%B8%D0%BD%D0%B4%D0% B8%D0%BA%D0%B0%D1%82%20%D1%87%D1%83%D1%80%D0%BA%D0%B8; 1. http://music.zakon.kz/l16060777-sibirskiy-sindikat-churki.html 2. http://muzofon.com/search/чурки%20синдикат 3. http://vmusice.net/mp3/%F1%E8%E1%E8%F0%F1%EA%E8%E9+%F1%E8% ED%E4%E8%EA%E0%F2+%F7%F3%F0%EA%E8 4. http://vozmimp3.com/?string=%D1%87%D1%83%D1%80%D0%BA%D0%B8 +%D0%A1%D0%B8%D0%BD%D0%B4%D0%B8%D0%BA%D0%B0%D1%82 5. https://musvid.net/muscat/%D1%81%D0%В8%D0%ВD%D0%В4%D0%В8% D0%ВА%D0%В0%D1%82%20%D1%87%D1%83%D1%80%D0%BA%D0%B8 6. http://mozzic.ru/?string=%D1%87%D1%83%D1%80%D0%BA%D0%B8%20% D1%81%D0%B8%D0%BD%D0%B4%D0%B8%D0%BA%D0%B0%D1%82 7. http://smoz.ru/#/?q=%D0%A7%D1%83%D1%80%D0%BA%D0%B8%20% D1%81%D0%B8%D0%BD%D0%B4%D0%В8%D0%BA%D0%B0%D1%82 8. http://pleer.com/search?q=%D1%81%D0%B8%D0%BD%D0%B4%D0%B8% D0%BA%D0%B0%D1%82+%D1%87%D1%83%D1%80%D0%BA%D0%B8 9. http://xmusic.me/q/l_6987TT5cmR_w/page/4/ 10. http://music-pesni.com/mp3-music/%D0%A1%D0%B8%D0%B1%D0%B8% D1%80%D1%81%D0%BA%D0%B8%D0%B9+%D1%81%D0%В8%D0%ВD%D0% B4%D0%B8%D0%BA%D0%B0%D1%82+%D1%87%D1%83%D1%80%D0%BA% D0%B8 11. http://muzbaron.com/dll/Чурки%20синдикат 12. http://vmuse.me/music/чурки%20синдикат 13. http://petamusic.ru/?string=%F7%F3%F0%EA%E8+%F1%E8%ED%E4% E8%EA%E0%F2 14. http://vkontakte.dj/cat/album/29325986 (решение Фроловского городского суда Волгоградской области от 20.04.2016 и определение Фроловского городского суда Волгоградской области от 15.07.2016);,
3698,Аудиозапись «Русские чурки» на сайтах: http://plus-music.org/%D1%80%D1%83%D1%81%D1%81%D0%BA%D0%B8% D0%B5-%D1%87%D1%83%D1%80%D0%BA%D0%B8 (решение Фроловского городского суда Волгоградской области от 20.04.2016 и определение Фроловского городского суда Волгоградской области от 15.07.2016);,
3704,"Изображение четырех лиц с надписью «Чурки вон из России», размещенном в сети Интернет для свободного доступа неопределенного круга лиц на сайте: http://i037.radikal.ru/1003/79/2c0fa7a0cdcf.jpg (решение Ахтубинского районного суда Астраханской области от 13.05.2016);",
3724,"Изображения с надписями: «СОХРАНИ КРОВЬ ЧИСТОЙ», «ТЫ НЕ РУССКИЙ? ТЕБЕ НЕ ПОВЕЗЛО!», «Не уважаемые ЧУРКИ!!!...», размещенные в социальной сети «В Контакте» на Интернет-странице по адресам: http://vk.com/club93110911?z=photo-93110911_364686308%2Falbum-93110911_ 0%2Frev; http://vk.com/club93110911?z=photo-93110911_364572646%2Falbum-93110911_ 0%2Frev http://vk.com/club93110911?z=photo-93110911_364572486%2Falbum-93110911_ 0%2Frev (решение Советского районного суда г. Брянска от 23.05.2016);",
3985,"Текстовая часть идентичных по содержанию и длительности (11 мин. 6 сек.) видеозаписей под названиями: «Русский бунт (пришло время убивать чурок) один за всех и все за одного»,«Русский бунт (пришло время убивать чурок) один за всех и все за одного», «Русских людей убивают чурки, а ты будь толерантным...», размещенных в сети Интернет по электронным адресам: http://go2films.ru/video/dWlkPTEl MzAyNTU3NyZnaWQ9MTY2NTgwNzAz, http://vk.com/videosl 14747674?q=pyccKHH&section=search&z=video1 14747674_ 169177344 (странице пользователя, позиционирующего себя как «Олег Лорд», размещенной по электронному адресу: http://vk.com/dlordb, в разделе «Видеозаписи» по электронному адресу: http://vk.com/videosl14747674?section=all), (решение Октябрьского районного суда города Санкт-Петербурга от 02.08.2016);",
3986,"Текстовая часть идентичных по содержанию и длительности (11 мин. 6 сек.) видеозаписей под названиями: «Русский бунт (пришло время убивать чурок) один за всех и все за одного»,«Русский бунт (пришло время убивать чурок) один за всех и все за одного», «Русских людей убивают чурки, а ты будь толерантным...», размещенных в сети Интернет по электронным адресам: http://go2films.ru/video/dWlkPTEl MzAyNTU3NyZnaWQ9MTY2NTgwNzAz, http://vk.com/videosl 14747674?q=pyccKHH&section=search&z=video1 14747674_ 169177344, http://vk.com/videos3827705?q=pуcc&section=search&z=video3827705_15 6901029 (странице пользователя, позиционирующего себя как «Андрей Цыпа Кошелев», размещенной по электронному адресу: http://vk.com/clpa90, в разделе «Видеозаписи» по электронному адресу: http://vk.com/videos3827705? section=all) (решение Октябрьского районного суда города Санкт-Петербурга от 02.08.2016);",
4065,"Фото-файл с изображением мужчины, стоящего напротив объявления, которое размещено, вероятно, в подъезде жилого дома. Текст объявления (воспроизводится с сохранением особенностей орфографии и пунктуации, с сокрытием нецензурной лексики): «НЕ уважаемые чурки!!! Во избежание получения ..., просьба, не устраивать национальные пляски на этом районе!!! ибо ...! Танцевать «лезгинку» на РУССКОЙ ЗЕМЛЕ!!!», размещенный 30 октября 2014 года в социальной сети «Вконтакте» на аккаунте http://vk.com/id161877484 с ник-неймом «Александр Цветков» (решение Центрального районного суда г. Твери от 11.05.2016);",30.03.2017
4179,"Аудиокомпозиция «Чурки – «нецензурная лексика» – «Все мы атифашисты», начинающаяся словами «Всэ мы гордый, горный народ…», заканчиваются словами «…Любой от травки до героин. Припев: Все мы – антифашисты, антифашисты, АНТИФА!!! – 2 раза», продолжительностью 3 мин. 32 сек., размещенная в сети Интернет по адресам: http:mixpromo.net/track/160696416_207173011; http://mixpromo.net/track/6594394_76572862; http://mixpromo.net/track/3808522_151880607; http://mixpromo.net/track/271690010_341346590; http://mixpromo.net/track/1593068_152234952; http://mixpromo.net/track/65373225_203993958; http://mixpromo.net/track/1779952_277057098; http://mixpromo.net/track/83295226_89385719; http://muzozo.ru/tex-pesni-churki-vse-my-antifashisty-antifa-vot-kogo-vy-zaschischaete _160696416_207173011; http://zvuk.me/track/160696416_207173011; http://saving-musik.ru/160696416_207173011; http://iplayer.fm/song/31367430/chyrki-suki_-Vse_my_antifashisty_Antifa_vot_kogo_vy _ zacshicshaete/; https://music7s.org/item.php?id=160696416_207173011 (решение Советского районного суда города Липецка от 28.03.2017);",25.07.2017
4180,"Аудиокомпозиция «Андеграунд кома» – «Чурки «нецензурная лексика», начинающаяся словами «Пока ты качаешь мага 40-го уровня в World of Warcraft-e…»», заканчивающаяся словами «…Убей иммигранта, сынок – убей подонка… Госи его, госи «нецензурная лексика», продолжительностью 4 мин. 21 сек., размещенная в сети Интернет по адресам: http://muz4me.space/show_song_F%21%3A47Y5ycUKFi6u+bF5M3G7cwNhKL161+69MOOsrKitg=.html; https://zvuk.me/track/147910873_244431225; http://saving-music.ru/track/147910873_244431225; http://muzozo.ru/text-pesni-andegraund-koma-pidarasy_147910873_244431225; http://iplayer.fm/song/33054072/o-CHurki_pidarasy/; http://vklyrics.ru/lyrics/show/131919274 (решение Советского районного суда города Липецка от 28.03.2017);",25.07.2017
4490,"Музыкальное произведение «Против чурок» (также известно под названием «Валите чурки в «Чуркистан») исполнителя «1488», продолжительностью 04 минуты 03 секунды, начинающееся фразой: «Эй, ты что такое творишь? Э, отойди от моей » палатка. Тебе что не нравится что-то? Зачем дерешься тогда не пойму? Перестань!..», начало песни: «Мы не фашисты и не скины…» и заканчивающееся фразой припева: «Эй, чурбаны, валите к себе в Чуркистан. Вы со своими (нецензурная брань) уж надоели всем нам» (решение Ленинского районного суда г. Саранска от 29.05.2018);",07.08.2018
4590,"Видеоролик, продолжительностью 0 минут 27 секунд с заглавием «Чурки: «мы приехали в Москву порядок наводить» (решение Валдайского районного суда Новгородской области от 18.02.2015);",09.11.2018
4616,"Информационный материал – видеоматериал «Вот они чурки!», размещенный 27.06.2011 года в сети Интернет (решение Ленинского районного суда г. Кемерово от 29.03.2013);",27.11.2018
4735,"Видеоролик под названием «Как чурки обращаются с русскими девушками!», размещенный Кожевниковым В.С. на Интернет – странице по адресу http:/vkontakte.ru/id51137692 в социальной сети «WWW.VKONTAKTE.RU» (решение Сургутского районного суда Ханты-Мансийского автономного округа – Югры от 01.11.2012);",07.12.2018
5392,"Аудиозапись «Гр.ом - ... (ненормативная лексика) Чечню, ... (ненормативная лексика), запись, представляющая собой «репост» записи сообщества «КЛАН БЕЛОЙ КРОВИ», размещенная 11.07.2014, которая содержит изображение скинхэда, наносящего удар ногой в челюсть другому человеку неславянской внешности с текстом: «Чурки как животные, ничего не понимают, кроме ... (ненормативная лексика)» (решение Ленинского районного суда г. Екатеринбурга от 31.03.2023);",11.10.2023
